customer_id,recency,frequency,monetary,r_score,f_score,m_score,rfm_segment
AA-10315,184,5,5563.56,2,2,5,At Risk
AA-10375,19,9,1056.39,5,5,1,Lost Customers
AA-10480,259,4,5371.536,1,1,4,At Risk
AA-10645,55,6,5086.9349999999995,3,3,4,Loyal Customers
AB-10015,415,3,886.156,1,1,1,Lost Customers
AB-10060,54,8,7755.62,3,4,5,Loyal Customers
AB-10105,41,10,14473.570999999998,4,5,5,Champions
AB-10150,41,5,1933.42,4,2,2,Potential Loyalists
AB-10165,25,8,1113.838,5,4,2,Lost Customers
AB-10255,166,9,914.5319999999999,2,5,1,At Risk
AB-10600,50,4,1515.862,4,1,2,Potential Loyalists
AC-10420,232,3,925.8,1,1,1,Lost Customers
AC-10450,11,7,5527.846,5,3,5,Loyal Customers
AC-10615,6,5,2537.6859999999997,5,2,3,Potential Loyalists
AC-10660,282,5,1314.632,1,2,2,Lost Customers
AD-10180,29,8,6106.88,4,4,5,Champions
AF-10870,41,7,2052.908,4,3,2,Potential Loyalists
AF-10885,415,4,1723.1299999999999,1,1,2,Lost Customers
AG-10270,278,5,2582.898,1,2,3,At Risk
AG-10300,118,4,367.548,2,1,1,Lost Customers
AG-10330,8,5,660.972,5,2,1,Lost Customers
AG-10390,114,5,200.945,2,2,1,Lost Customers
AG-10495,78,8,2356.855,3,4,3,Loyal Customers
AG-10525,845,4,1455.038,1,1,2,Lost Customers
AG-10675,97,7,3489.0396000000005,3,3,4,Loyal Customers
AG-10765,77,4,170.584,3,1,1,Lost Customers
AG-10900,96,10,4510.797,3,5,4,Loyal Customers
AH-10030,12,7,1744.7,5,3,2,Potential Loyalists
AH-10075,34,10,3250.337,4,5,3,Loyal Customers
AH-10120,60,7,1735.5140000000001,3,3,2,Potential Loyalists
AH-10195,55,4,1587.452,3,1,2,Potential Loyalists
AH-10210,6,9,4805.344,5,5,4,Champions
AH-10465,230,5,2495.3916,1,2,3,At Risk
AH-10585,21,4,738.504,5,1,1,Lost Customers
AH-10690,410,12,7888.294,1,5,5,At Risk
AI-10855,13,10,4375.786,5,5,4,Champions
AJ-10780,75,7,19469.376,3,3,5,Loyal Customers
AJ-10795,166,7,4501.391,2,3,4,At Risk
AJ-10945,85,7,3678.48,3,3,4,Loyal Customers
AJ-10960,74,3,1258.4959999999999,3,1,2,Potential Loyalists
AM-10360,28,5,814.012,4,2,1,Lost Customers
AM-10705,162,8,16992.066,2,4,5,At Risk
AO-10810,501,1,161.28,1,1,1,Lost Customers
AP-10720,41,8,1638.554,4,4,2,Lost Customers
AP-10915,98,10,3323.556,3,5,3,Loyal Customers
AR-10345,111,4,2111.388,2,1,2,Lost Customers
AR-10405,125,5,6708.384,2,2,5,At Risk
AR-10510,14,5,264.86400000000003,5,2,1,Lost Customers
AR-10540,6,6,6608.448,5,3,5,Loyal Customers
AR-10570,534,1,264.45,1,1,1,Lost Customers
AR-10825,58,8,4523.336,3,4,4,Loyal Customers
AS-10045,88,7,6101.384,3,3,5,Loyal Customers
AS-10090,28,9,3255.31,4,5,3,Loyal Customers
AS-10135,41,2,58.82,4,1,1,Lost Customers
AS-10225,22,5,4260.784,5,2,4,Potential Loyalists
AS-10240,192,7,584.6080000000001,2,3,1,At Risk
AS-10285,19,6,3214.236,5,3,3,Loyal Customers
AS-10630,92,7,1666.796,3,3,2,Potential Loyalists
AT-10435,21,6,1171.814,5,3,2,Potential Loyalists
AT-10735,13,10,3831.864,5,5,4,Champions
AW-10840,20,4,649.376,5,1,1,Lost Customers
AW-10930,46,7,5705.936,4,3,5,Loyal Customers
AY-10555,14,4,994.028,5,1,1,Lost Customers
AZ-10750,160,6,1622.0179999999998,2,3,2,At Risk
BB-10990,105,5,744.3399999999999,2,2,1,Lost Customers
BB-11545,28,9,6765.728,4,5,5,Champions
BC-11125,202,9,5867.352,2,5,5,At Risk
BD-11320,33,12,5718.521,4,5,5,Champions
BD-11500,35,6,4411.2429999999995,4,3,4,Loyal Customers
BD-11560,278,2,320.54,1,1,1,Lost Customers
BD-11605,97,7,6576.942,3,3,5,Loyal Customers
BD-11620,69,6,1538.11,3,3,2,Potential Loyalists
BD-11635,9,3,1165.292,5,1,2,Potential Loyalists
BD-11725,93,6,4579.5,3,3,4,Loyal Customers
BD-11770,327,6,658.466,1,3,1,At Risk
BE-11335,119,5,12614.028,2,2,5,At Risk
BE-11410,98,5,6784.314,3,2,5,Potential Loyalists
BE-11455,254,6,1727.652,1,3,2,At Risk
BF-10975,91,7,599.798,3,3,1,Lost Customers
BF-11005,39,4,2667.76,4,1,3,Potential Loyalists
BF-11020,74,8,2888.506,3,4,3,Loyal Customers
BF-11080,25,3,272.95,5,1,1,Lost Customers
BF-11170,16,11,5907.972,5,5,5,Champions
BF-11215,65,4,1585.162,3,1,2,Potential Loyalists
BF-11275,57,3,791.9899999999999,3,1,1,Lost Customers
BG-11035,28,8,5597.896,4,4,5,Champions
BG-11695,36,6,1874.172,4,3,2,Potential Loyalists
BG-11740,57,6,1006.356,3,3,1,Lost Customers
BH-11710,23,8,6255.351,5,4,5,Champions
BK-11260,77,6,659.1379999999999,3,3,1,Lost Customers
BM-11140,307,4,11789.63,1,1,5,At Risk
BM-11575,100,6,808.162,3,3,1,Lost Customers
BM-11650,33,11,7294.185,4,5,5,Champions
BM-11785,218,10,4016.5260000000003,2,5,4,At Risk
BN-11470,24,4,265.296,5,1,1,Lost Customers
BN-11515,9,5,1459.344,5,2,2,Potential Loyalists
BO-11350,137,5,2682.728,2,2,3,At Risk
BO-11425,75,2,392.49,3,1,1,Lost Customers
BP-11050,83,5,983.42,3,2,1,Lost Customers
BP-11095,17,12,4884.088,5,5,4,Champions
BP-11155,89,6,5093.5830000000005,3,3,4,Loyal Customers
BP-11185,1,9,3675.861,5,5,4,Champions
BP-11230,39,5,1181.49,4,2,2,Potential Loyalists
BP-11290,12,7,2475.157,5,3,3,Loyal Customers
BS-11365,558,5,10501.653,1,2,5,At Risk
BS-11380,28,5,3887.834,4,2,4,Potential Loyalists
BS-11590,35,6,2454.928,4,3,3,Loyal Customers
BS-11665,582,3,3288.1099999999997,1,1,3,At Risk
BS-11755,1,7,2562.382,5,3,3,Loyal Customers
BS-11800,265,2,949.4300000000001,1,1,1,Lost Customers
BT-11305,336,5,2567.656,1,2,3,At Risk
BT-11395,302,6,2186.6130000000003,1,3,3,At Risk
BT-11440,560,4,603.876,1,1,1,Lost Customers
BT-11485,659,2,415.19599999999997,1,1,1,Lost Customers
BT-11530,91,5,2684.4919999999997,3,2,3,Potential Loyalists
BT-11680,20,7,6393.504,5,3,5,Loyal Customers
BV-11245,334,5,3046.546,1,2,3,At Risk
BW-11065,212,3,385.516,2,1,1,Lost Customers
BW-11110,121,8,4750.358,2,4,4,At Risk
BW-11200,203,6,1738.406,2,3,2,At Risk
CA-11965,96,6,3789.7228,3,3,4,Loyal Customers
CA-12055,401,5,1679.7240000000002,1,2,2,Lost Customers
CA-12265,56,9,2648.2872,3,5,3,Loyal Customers
CA-12310,13,4,1421.954,5,1,2,Potential Loyalists
CA-12775,120,7,3041.566,2,3,3,At Risk
CB-12025,47,10,6076.139,4,5,5,Champions
CB-12415,26,8,5847.6,5,4,5,Champions
CB-12535,197,8,4246.4555,2,4,4,At Risk
CC-12100,457,6,5312.835,1,3,4,At Risk
CC-12145,106,7,2471.65,2,3,3,At Risk
CC-12220,20,12,7826.836,5,5,5,Champions
CC-12370,43,5,24258.144000000004,4,2,5,Potential Loyalists
CC-12430,0,10,8610.15,5,5,5,Champions
CC-12475,39,9,1659.438,4,5,2,Lost Customers
CC-12550,27,3,113.832,4,1,1,Lost Customers
CC-12610,34,7,2540.631,4,3,3,Loyal Customers
CC-12670,29,7,2269.7015,4,3,3,Loyal Customers
CC-12685,799,4,2854.1150000000002,1,1,3,At Risk
CD-11920,40,5,2033.968,4,2,2,Potential Loyalists
CD-11980,54,3,639.766,3,1,1,Lost Customers
CD-12280,42,2,1205.584,4,1,2,Potential Loyalists
CD-12790,399,5,1860.732,1,2,2,Lost Customers
CG-12040,49,6,904.4680000000001,4,3,1,Lost Customers
CG-12520,338,3,2297.56,1,1,3,At Risk
CH-12070,691,3,1537.236,1,1,2,Lost Customers
CJ-11875,365,1,16.52,1,1,1,Lost Customers
CJ-12010,189,8,11164.974,2,4,5,At Risk
CK-12205,39,13,3154.855,4,5,3,Loyal Customers
CK-12325,120,5,2945.321,2,2,3,At Risk
CK-12595,43,11,2372.75,4,5,3,Loyal Customers
CK-12760,82,9,1582.109,3,5,2,Lost Customers
CL-11890,106,4,2524.0280000000002,2,1,3,At Risk
CL-12565,284,12,10880.546,1,5,5,At Risk
CL-12700,105,5,9414.344000000001,2,2,5,At Risk
CM-11815,131,6,3347.776,2,3,4,At Risk
CM-11935,708,2,1130.784,1,1,2,Lost Customers
CM-12115,8,4,1661.6100000000001,5,1,2,Potential Loyalists
CM-12160,26,6,2533.314,5,3,3,Loyal Customers
CM-12190,8,6,1475.144,5,3,2,Potential Loyalists
CM-12235,385,5,2305.712,1,2,3,At Risk
CM-12385,37,4,8954.019999999999,4,1,5,Potential Loyalists
CM-12445,436,3,287.99,1,1,1,Lost Customers
CM-12655,27,6,6339.5576,4,3,5,Loyal Customers
CM-12715,1035,4,7968.904799999999,1,1,5,At Risk
CP-12085,82,8,5402.254,3,4,4,Loyal Customers
CP-12340,160,8,5888.275,2,4,5,At Risk
CR-12580,57,4,2148.852,3,1,2,Potential Loyalists
CR-12625,470,3,1427.7,1,1,2,Lost Customers
CR-12730,78,4,4801.65,3,1,4,Potential Loyalists
CR-12820,85,3,1397.8724,3,1,2,Potential Loyalists
CS-11845,91,5,1278.954,3,2,2,Potential Loyalists
CS-11860,162,6,1075.264,2,3,1,At Risk
CS-11950,25,11,3036.547,5,5,3,Loyal Customers
CS-12130,489,4,884.64,1,1,1,Lost Customers
CS-12175,232,5,3377.8320000000003,1,2,4,At Risk
CS-12250,26,12,2754.216,5,5,3,Loyal Customers
CS-12355,6,11,3202.1620000000003,5,5,3,Loyal Customers
CS-12400,2,9,3651.8585000000003,5,5,4,Champions
CS-12460,27,2,1651.9320000000002,4,1,2,Potential Loyalists
CS-12490,424,4,1077.2285,1,1,1,Lost Customers
CS-12505,58,6,5690.054999999999,3,3,5,Loyal Customers
CT-11995,96,8,6483.796,3,4,5,Loyal Customers
CV-12295,254,5,2830.6279999999997,1,2,3,At Risk
CV-12805,5,9,2370.3136,5,5,3,Loyal Customers
CW-11905,22,6,2273.184,5,3,3,Loyal Customers
CY-12745,60,8,2900.026,3,4,3,Loyal Customers
Co-12640,549,5,1300.076,1,2,2,Lost Customers
DA-13450,352,4,156.76,1,1,1,Lost Customers
DB-12910,21,8,2171.599,5,4,3,Loyal Customers
DB-12970,241,5,2839.2272,1,2,3,At Risk
DB-13060,16,7,4531.646,5,3,4,Loyal Customers
DB-13120,48,7,2973.094,4,3,3,Loyal Customers
DB-13210,9,10,2332.577,5,5,3,Loyal Customers
DB-13270,53,8,4655.897,4,4,4,Champions
DB-13360,264,5,1081.466,1,2,1,Lost Customers
DB-13405,187,4,3423.384,2,1,4,At Risk
DB-13555,107,7,7817.6056,2,3,5,At Risk
DB-13615,33,7,1989.05,4,3,2,Potential Loyalists
DB-13660,12,7,2310.404,5,3,3,Loyal Customers
DC-12850,37,9,10008.504,4,5,5,Champions
DC-13285,23,5,1174.618,5,2,2,Potential Loyalists
DD-13570,41,6,269.542,4,3,1,Lost Customers
DE-13255,719,5,10203.496,1,2,5,At Risk
DF-13135,700,3,2390.534,1,1,3,At Risk
DG-13300,32,5,3195.818,4,2,3,Potential Loyalists
DH-13075,277,6,14798.616,1,3,5,At Risk
DH-13675,776,4,2086.192,1,1,2,Lost Customers
DJ-13420,637,4,2012.52,1,1,2,Lost Customers
DJ-13510,48,8,2501.6879999999996,4,4,3,Loyal Customers
DJ-13630,12,3,3356.398,5,1,4,Potential Loyalists
DK-12835,21,12,3256.48,5,5,3,Loyal Customers
DK-12895,45,5,4282.176,4,2,4,Potential Loyalists
DK-12985,7,5,3374.08,5,2,4,Potential Loyalists
DK-13090,42,7,2650.557,4,3,3,Loyal Customers
DK-13150,10,2,1595.664,5,1,2,Potential Loyalists
DK-13225,10,9,4802.394,5,5,4,Champions
DK-13375,19,8,6636.972,5,4,5,Champions
DL-12865,100,8,1503.112,3,4,2,Lost Customers
DL-12925,57,6,6544.4,3,3,5,Loyal Customers
DL-13315,22,8,1458.258,5,4,2,Lost Customers
DL-13330,57,4,585.02,3,1,1,Lost Customers
DL-13495,76,8,3539.322,3,4,4,Loyal Customers
DM-12955,114,7,1322.034,2,3,2,At Risk
DM-13015,57,7,6345.103,3,3,5,Loyal Customers
DM-13345,22,8,4074.4719999999998,5,4,4,Champions
DM-13525,481,3,1376.792,1,1,2,Lost Customers
DN-13690,217,7,2139.79,2,3,2,At Risk
DO-13435,133,9,1300.0315,2,5,2,At Risk
DO-13645,26,7,1267.316,5,3,2,Potential Loyalists
DP-13000,126,9,1050.636,2,5,1,At Risk
DP-13105,6,8,2215.002,5,4,3,Loyal Customers
DP-13165,812,2,1058.616,1,1,1,Lost Customers
DP-13390,358,9,10961.447999999999,1,5,5,At Risk
DR-12880,3,9,6528.034000000001,5,5,5,Champions
DR-12940,50,8,25052.604,4,4,5,Champions
DS-13030,93,4,1762.213,3,1,2,Potential Loyalists
DS-13180,23,9,2881.8128,5,5,3,Loyal Customers
DV-13045,19,5,1119.483,5,2,2,Potential Loyalists
DV-13465,29,6,3341.587,4,3,4,Loyal Customers
DW-13195,69,6,1080.751,3,3,1,Lost Customers
DW-13480,217,5,5271.628,2,2,4,At Risk
DW-13540,98,5,344.08,3,2,1,Lost Customers
DW-13585,242,7,3614.562,1,3,4,At Risk
Dl-13600,119,5,1511.204,2,2,2,Lost Customers
Dp-13240,84,11,14397.522,3,5,5,Loyal Customers
EA-14035,152,13,2846.705,2,5,3,At Risk
EB-13705,48,9,3644.978,4,5,4,Champions
EB-13750,35,10,3236.314,4,5,3,Loyal Customers
EB-13840,90,5,4358.128,3,2,4,Potential Loyalists
EB-13870,100,10,2767.219,3,5,3,Loyal Customers
EB-13930,161,5,944.6000000000001,2,2,1,Lost Customers
EB-13975,0,4,4929.765,5,1,4,Potential Loyalists
EB-14110,113,6,3071.126,2,3,3,At Risk
EB-14170,82,6,2372.652,3,3,3,Loyal Customers
EC-14050,53,5,461.914,4,2,1,Lost Customers
ED-13885,135,8,3484.92,2,4,4,At Risk
EG-13900,22,5,3664.04,5,2,4,Potential Loyalists
EH-13765,135,12,10310.880000000001,2,5,5,At Risk
EH-13945,217,8,684.1709999999999,2,4,1,At Risk
EH-13990,405,6,825.9499999999999,1,3,1,At Risk
EH-14005,2,7,1219.53,5,3,2,Potential Loyalists
EH-14125,152,10,6165.306,2,5,5,At Risk
EH-14185,105,6,1847.768,2,3,2,At Risk
EJ-13720,302,4,2162.174,1,1,3,At Risk
EJ-14155,57,5,2656.691,3,2,3,Potential Loyalists
EK-13795,44,4,1303.478,4,1,2,Potential Loyalists
EL-13735,77,2,497.12,3,1,1,Lost Customers
EM-13810,132,5,2567.0099999999998,2,2,3,At Risk
EM-13825,55,8,2339.598,3,4,3,Loyal Customers
EM-13960,151,5,933.704,2,2,1,Lost Customers
EM-14065,47,4,228.99,4,1,1,Lost Customers
EM-14095,113,4,1041.0420000000001,2,1,1,Lost Customers
EM-14140,48,6,4588.436000000001,4,3,4,Loyal Customers
EM-14200,158,3,366.822,2,1,1,Lost Customers
EN-13780,287,4,2199.366,1,1,3,At Risk
EP-13915,12,17,5478.0608,5,5,4,Champions
ER-13855,421,3,1245.788,1,1,2,Lost Customers
ES-14020,40,5,3510.4579999999996,4,2,4,Potential Loyalists
ES-14080,28,9,4657.924,4,5,4,Champions
FA-14230,97,7,5968.108,3,3,5,Loyal Customers
FC-14245,70,7,10256.226,3,3,5,Loyal Customers
FC-14335,184,7,3889.366,2,3,4,At Risk
FG-14260,34,7,1383.144,4,3,2,Potential Loyalists
FH-14275,37,10,8512.544,4,5,5,Champions
FH-14350,212,4,2271.284,2,1,3,At Risk
FH-14365,5,8,6987.196,5,4,5,Champions
FM-14215,7,10,4913.276,5,5,4,Champions
FM-14290,36,9,3736.198,4,5,4,Champions
FM-14380,145,9,5046.532,2,5,4,At Risk
FO-14305,38,10,2678.438,4,5,3,Loyal Customers
FP-14320,23,8,4046.746,5,4,4,Champions
FW-14395,362,3,159.5,1,1,1,Lost Customers
GA-14515,149,8,3919.7760000000003,2,4,4,At Risk
GA-14725,5,11,1398.382,5,5,2,Lost Customers
GB-14530,62,11,4705.32,3,5,4,Loyal Customers
GB-14575,13,5,4716.288,5,2,4,Potential Loyalists
GD-14590,5,4,1888.07,5,1,2,Potential Loyalists
GG-14650,43,9,4448.0,4,5,4,Champions
GH-14410,75,9,2819.4669999999996,3,5,3,Loyal Customers
GH-14425,50,4,4172.8460000000005,4,1,4,Potential Loyalists
GH-14485,387,2,1361.2440000000001,1,1,2,Lost Customers
GH-14665,2,2,146.94080000000002,5,1,1,Lost Customers
GK-14620,112,9,6497.27,2,5,5,At Risk
GM-14440,83,7,3582.8199999999997,3,3,4,Loyal Customers
GM-14455,16,6,3078.624,5,3,3,Loyal Customers
GM-14500,106,10,1255.682,2,5,2,At Risk
GM-14680,152,6,3163.628,2,3,3,At Risk
GM-14695,117,3,6049.966,2,1,5,At Risk
GP-14740,765,2,709.59,1,1,1,Lost Customers
GR-14560,1135,2,1284.38,1,1,2,Lost Customers
GT-14635,56,3,28053.636,3,1,5,Potential Loyalists
GT-14710,36,11,11820.119999999999,4,5,5,Champions
GT-14755,34,4,226.436,4,1,1,Lost Customers
GW-14605,28,7,2189.019,4,3,3,Loyal Customers
GZ-14470,7,9,8710.3,5,5,5,Champions
GZ-14545,157,4,4909.244000000001,2,1,4,At Risk
HA-14905,69,7,2163.3,3,3,3,Loyal Customers
HA-14920,20,8,5168.316,5,4,4,Champions
HD-14785,769,3,251.36,1,1,1,Lost Customers
HE-14800,12,4,883.5319999999999,5,1,1,Lost Customers
HF-14995,21,7,2533.1639999999998,5,3,3,Loyal Customers
HG-14845,54,5,785.628,3,2,1,Lost Customers
HG-14965,23,12,3247.642,5,5,3,Loyal Customers
HG-15025,6,7,3690.284,5,3,4,Loyal Customers
HH-15010,72,2,218.668,3,1,1,Lost Customers
HJ-14875,126,5,716.2,2,2,1,Lost Customers
HK-14890,151,8,14633.352,2,4,5,At Risk
HL-15040,43,6,12873.297999999999,4,3,5,Loyal Customers
HM-14860,2,10,8236.7648,5,5,5,Champions
HM-14980,247,4,736.276,1,1,1,Lost Customers
HP-14815,30,7,1990.314,4,3,2,Potential Loyalists
HR-14770,13,5,1299.288,5,2,2,Potential Loyalists
HR-14830,159,7,5248.787,2,3,4,At Risk
HW-14935,117,8,9300.254,2,4,5,At Risk
HZ-14950,35,5,2659.56,4,2,3,Potential Loyalists
IG-15085,71,4,744.574,3,1,1,Lost Customers
IL-15100,142,7,5040.736,2,3,4,At Risk
IM-15055,409,3,8617.89,1,1,5,At Risk
IM-15070,390,7,4930.474,1,3,4,At Risk
JA-15970,92,8,6491.026,3,4,5,Loyal Customers
JB-15400,7,10,1791.605,5,5,2,Lost Customers
JB-15925,737,3,1801.104,1,1,2,Lost Customers
JB-16000,43,7,644.1188,4,3,1,Lost Customers
JB-16045,7,5,7554.345,5,2,5,Potential Loyalists
JC-15340,114,4,71.263,2,1,1,Lost Customers
JC-15385,175,1,2116.216,2,1,2,Lost Customers
JC-15775,158,9,2772.055,2,5,3,At Risk
JC-16105,57,5,858.576,3,2,1,Lost Customers
JD-15790,117,5,2152.352,2,2,2,Lost Customers
JD-15895,394,11,7610.8640000000005,1,5,5,At Risk
JD-16015,112,6,385.43,2,3,1,At Risk
JD-16060,300,3,695.442,1,1,1,Lost Customers
JD-16150,41,8,8828.0305,4,4,5,Champions
JE-15475,193,6,2777.364,2,3,3,At Risk
JE-15610,48,7,7754.976,4,3,5,Loyal Customers
JE-15715,46,10,8697.842999999999,4,5,5,Champions
JE-15745,51,13,6760.8150000000005,4,5,5,Champions
JE-16165,20,3,8091.744,5,1,5,Potential Loyalists
JF-15190,65,7,2279.5860000000002,3,3,3,Loyal Customers
JF-15295,225,5,955.124,1,2,1,Lost Customers
JF-15355,105,6,1911.844,2,3,2,At Risk
JF-15415,2,6,2371.448,5,3,3,Loyal Customers
JF-15490,121,11,1082.918,2,5,1,At Risk
JF-15565,54,8,4198.332,3,4,4,Loyal Customers
JG-15115,758,3,4717.352,1,1,4,At Risk
JG-15160,1,11,6366.392,5,5,5,Champions
JG-15310,2,6,2240.58,5,3,3,Loyal Customers
JG-15805,223,6,1507.018,2,3,2,At Risk
JH-15430,5,4,927.843,5,1,1,Lost Customers
JH-15820,174,6,1057.82,2,3,1,At Risk
JH-15910,41,7,959.477,4,3,1,Lost Customers
JH-15985,29,6,7954.9980000000005,4,3,5,Loyal Customers
JH-16180,404,4,2256.3940000000002,1,1,3,At Risk
JJ-15445,483,5,709.178,1,2,1,Lost Customers
JJ-15760,753,2,780.0,1,1,1,Lost Customers
JK-15205,61,5,4427.142,3,2,4,Potential Loyalists
JK-15325,287,3,383.812,1,1,1,Lost Customers
JK-15370,44,8,5419.264,4,4,4,Champions
JK-15625,61,7,3760.028,3,3,4,Loyal Customers
JK-15640,180,9,4760.434,2,5,4,At Risk
JK-15730,84,10,4867.2,3,5,4,Loyal Customers
JK-16090,28,3,3747.668,4,1,4,Potential Loyalists
JK-16120,117,10,5864.968,2,5,5,At Risk
JL-15130,8,6,1214.956,5,3,2,Potential Loyalists
JL-15175,6,5,6286.092,5,2,5,Potential Loyalists
JL-15235,119,5,2203.7,2,2,3,At Risk
JL-15505,49,6,3173.874,4,3,3,Loyal Customers
JL-15835,21,11,9799.923,5,5,5,Champions
JL-15850,614,6,2725.256,1,3,3,At Risk
JM-15250,37,6,3159.1220000000003,4,3,3,Loyal Customers
JM-15265,37,5,1804.146,4,2,2,Potential Loyalists
JM-15535,102,7,1733.443,3,3,2,Potential Loyalists
JM-15580,0,5,607.896,5,2,1,Lost Customers
JM-15655,8,5,864.947,5,2,1,Lost Customers
JM-15865,109,7,7625.076000000001,2,3,5,At Risk
JM-16195,57,10,2833.9260000000004,3,5,3,Loyal Customers
JO-15145,57,9,3254.949,3,5,3,Loyal Customers
JO-15280,92,6,1934.272,3,3,2,Potential Loyalists
JO-15550,215,5,1090.838,2,2,2,Lost Customers
JP-15460,37,7,3338.27,4,3,4,Loyal Customers
JP-15520,8,7,3635.594,5,3,4,Loyal Customers
JP-16135,102,9,5123.13,3,5,4,Loyal Customers
JR-15670,593,2,1156.658,1,1,2,Lost Customers
JR-15700,68,1,1727.76,3,1,2,Potential Loyalists
JR-16210,33,5,8806.744,4,2,5,Potential Loyalists
JS-15595,119,4,1417.654,2,1,2,Lost Customers
JS-15685,42,4,1131.0639999999999,4,1,2,Potential Loyalists
JS-15880,534,5,3868.02,1,2,4,At Risk
JS-15940,463,5,469.169,1,2,1,Lost Customers
JS-16030,28,6,2516.494,4,3,3,Loyal Customers
JW-15220,42,6,7721.714,4,3,5,Loyal Customers
JW-15955,5,7,1244.086,5,3,2,Potential Loyalists
JW-16075,461,4,1428.731,1,1,2,Lost Customers
KA-16525,36,7,1519.506,4,3,2,Potential Loyalists
KB-16240,4,7,3152.6150000000002,5,3,3,Loyal Customers
KB-16315,296,9,1569.464,1,5,2,At Risk
KB-16405,117,3,1817.642,2,1,2,Lost Customers
KB-16585,230,12,2744.742,1,5,3,At Risk
KB-16600,1,7,983.922,5,3,1,Lost Customers
KC-16255,407,6,2120.954,1,3,2,At Risk
KC-16540,97,4,3908.262,3,1,4,Potential Loyalists
KC-16675,57,4,1146.05,3,1,2,Potential Loyalists
KD-16270,484,5,33129.432,1,2,5,At Risk
KD-16345,41,6,1888.964,4,3,2,Potential Loyalists
KD-16495,112,12,8181.256,2,5,5,At Risk
KD-16615,289,5,2243.5099999999998,1,2,3,At Risk
KE-16420,26,8,3373.4624,5,4,4,Champions
KF-16285,97,7,10604.266,3,3,5,Loyal Customers
KH-16330,40,8,6625.728,4,4,5,Champions
KH-16360,1,6,3100.612,5,3,3,Loyal Customers
KH-16510,22,7,5952.859,5,3,5,Loyal Customers
KH-16630,58,9,3918.9660000000003,3,5,4,Loyal Customers
KH-16690,2,7,5990.799,5,3,5,Loyal Customers
KL-16555,16,8,5016.488,5,4,4,Champions
KL-16645,47,12,14175.229000000001,4,5,5,Champions
KM-16225,14,6,2260.958,5,3,3,Loyal Customers
KM-16375,56,8,11240.372,3,4,5,Loyal Customers
KM-16660,15,5,453.538,5,2,1,Lost Customers
KM-16720,28,8,4909.472,4,4,4,Champions
KN-16390,19,9,2617.272,5,5,3,Loyal Customers
KN-16450,52,5,4343.924,4,2,4,Potential Loyalists
KN-16705,98,8,2280.58,3,4,3,Loyal Customers
KS-16300,295,3,88.472,1,1,1,Lost Customers
KT-16465,391,7,3057.1,1,3,3,At Risk
KT-16480,100,10,4642.088400000001,3,5,4,Loyal Customers
KW-16435,96,5,4416.5199999999995,3,2,4,Potential Loyalists
KW-16570,771,4,449.096,1,1,1,Lost Customers
LA-16780,154,11,8673.222,2,5,5,At Risk
LB-16735,48,3,50.188,4,1,1,Lost Customers
LB-16795,152,8,4704.304,2,4,4,At Risk
LC-16870,27,8,5161.408,4,4,4,Champions
LC-16885,16,12,22989.378,5,5,5,Champions
LC-16930,41,8,4492.946,4,4,4,Champions
LC-16960,436,4,6493.252,1,1,5,At Risk
LC-17050,54,5,2095.064,3,2,2,Potential Loyalists
LC-17140,13,9,2633.582,5,5,3,Loyal Customers
LD-16855,552,1,5.304,1,1,1,Lost Customers
LD-17005,414,4,1961.934,1,1,2,Lost Customers
LE-16810,21,6,1469.45,5,3,2,Potential Loyalists
LF-17185,22,7,3930.5089999999996,5,3,4,Loyal Customers
LH-16750,151,3,287.426,2,1,1,Lost Customers
LH-16900,21,9,4590.664,5,5,4,Champions
LH-17020,239,4,954.717,1,1,1,Lost Customers
LH-17155,385,9,1739.689,1,5,2,At Risk
LL-16840,249,6,5482.407999999999,1,3,4,At Risk
LM-17065,391,5,5387.096,1,2,4,At Risk
LO-17170,2,5,644.35,5,2,1,Lost Customers
LP-17080,40,4,756.606,4,1,1,Lost Customers
LP-17095,9,7,7306.798,5,3,5,Loyal Customers
LR-16915,26,6,5142.892,5,3,4,Loyal Customers
LR-17035,132,5,1879.306,2,2,2,Lost Customers
LS-16945,178,6,2845.27,2,3,3,At Risk
LS-16975,20,9,2988.674,5,5,3,Loyal Customers
LS-17200,96,6,1010.2560000000001,3,3,1,Lost Customers
LS-17230,777,3,737.76,1,1,1,Lost Customers
LS-17245,34,6,1008.1360000000001,4,3,1,Lost Customers
LT-16765,26,3,329.876,5,1,1,Lost Customers
LT-17110,34,8,8808.756,4,4,5,Champions
LW-16825,88,5,2238.061,3,2,3,Potential Loyalists
LW-16990,33,6,3230.308,4,3,3,Loyal Customers
LW-17125,205,3,1259.04,2,1,2,Lost Customers
LW-17215,21,7,10841.028,5,3,5,Loyal Customers
MA-17560,64,11,4299.161,3,5,4,Loyal Customers
MA-17995,186,6,2453.284,2,3,3,At Risk
MB-17305,48,10,1548.702,4,5,2,Lost Customers
MB-18085,44,7,1428.231,4,3,2,Potential Loyalists
MC-17275,76,8,5451.964,3,4,4,Loyal Customers
MC-17425,399,5,4432.138,1,2,4,At Risk
MC-17575,27,8,1303.893,4,4,2,Lost Customers
MC-17590,51,6,2426.067,4,3,3,Loyal Customers
MC-17605,112,8,2258.192,2,4,3,At Risk
MC-17635,189,4,795.154,2,1,1,Lost Customers
MC-17845,1,7,11417.142,5,3,5,Loyal Customers
MC-18100,41,10,2218.98,4,5,3,Loyal Customers
MC-18130,369,5,3163.996,1,2,3,At Risk
MD-17350,117,7,7532.764,2,3,5,At Risk
MD-17860,36,5,1204.91,4,2,2,Potential Loyalists
ME-17320,42,10,31991.184,4,5,5,Champions
ME-17725,28,8,3816.9064,4,4,4,Champions
ME-18010,92,4,1256.944,3,1,2,Potential Loyalists
MF-17665,421,5,937.039,1,2,1,Lost Customers
MF-18250,7,5,1758.3,5,2,2,Potential Loyalists
MG-17650,29,7,3785.276,4,3,4,Loyal Customers
MG-17680,92,4,4700.376,3,1,4,Potential Loyalists
MG-17695,555,3,1342.282,1,1,2,Lost Customers
MG-17875,116,5,1242.8329999999999,2,2,2,Lost Customers
MG-17890,99,9,776.384,3,5,1,Lost Customers
MG-18145,84,4,3061.543,3,1,3,Potential Loyalists
MG-18205,264,1,33.478,1,1,1,Lost Customers
MH-17290,119,6,2394.025,2,3,3,At Risk
MH-17440,376,4,400.016,1,1,1,Lost Customers
MH-17455,85,8,4912.3640000000005,3,4,4,Loyal Customers
MH-17620,155,4,1252.8,2,1,2,Lost Customers
MH-17785,98,7,2203.7780000000002,3,3,3,Loyal Customers
MH-18025,49,5,2984.948,4,2,3,Potential Loyalists
MH-18115,5,9,5503.093,5,5,4,Champions
MJ-17740,22,7,6320.746,5,3,5,Loyal Customers
MK-17905,28,8,2302.368,4,4,3,Loyal Customers
MK-18160,240,4,2063.204,1,1,2,Lost Customers
ML-17395,69,9,2722.843,3,5,3,Loyal Customers
ML-17410,54,6,8764.5,3,3,5,Loyal Customers
ML-17755,29,7,2071.9139999999998,4,3,2,Potential Loyalists
ML-18040,79,3,742.082,3,1,1,Lost Customers
ML-18265,100,2,162.232,3,1,1,Lost Customers
MM-17260,168,4,2628.0460000000003,2,1,3,At Risk
MM-17920,7,11,3794.0800000000004,5,5,4,Champions
MM-18055,61,8,2749.881,3,4,3,Loyal Customers
MM-18280,85,9,1550.828,3,5,2,Lost Customers
MN-17935,34,6,2477.946,4,3,3,Loyal Customers
MO-17500,72,4,922.487,3,1,1,Lost Customers
MO-17800,104,8,1687.0269999999998,2,4,2,At Risk
MO-17950,180,2,154.288,2,1,1,Lost Customers
MP-17470,719,7,3206.132,1,3,3,At Risk
MP-17965,72,9,7967.284000000001,3,5,5,Loyal Customers
MP-18175,16,9,5087.92,5,5,4,Champions
MR-17545,125,4,639.178,2,1,1,Lost Customers
MS-17365,273,10,7443.6900000000005,1,5,5,At Risk
MS-17530,434,4,475.65599999999995,1,1,1,Lost Customers
MS-17710,413,6,1613.402,1,3,2,At Risk
MS-17770,121,9,3144.678,2,5,3,At Risk
MS-17830,452,4,370.348,1,1,1,Lost Customers
MS-17980,26,6,855.116,5,3,1,Lost Customers
MT-17815,49,6,2890.139,4,3,3,Loyal Customers
MT-18070,203,4,1319.4498,2,1,2,Lost Customers
MV-17485,27,9,3120.1,4,5,3,Loyal Customers
MV-18190,19,7,1734.574,5,3,2,Potential Loyalists
MW-18220,17,7,5341.900000000001,5,3,4,Loyal Customers
MW-18235,44,2,5253.876,4,1,4,Potential Loyalists
MY-17380,29,7,2254.285,4,3,3,Loyal Customers
MY-18295,71,11,4152.696,3,5,4,Loyal Customers
MZ-17335,30,4,593.606,4,1,1,Lost Customers
MZ-17515,282,6,2564.906,1,3,3,At Risk
NB-18580,1165,2,273.87199999999996,1,1,1,Lost Customers
NB-18655,19,9,1972.599,5,5,2,Lost Customers
NC-18340,224,5,2461.404,2,2,3,At Risk
NC-18415,41,6,4437.9800000000005,4,3,4,Loyal Customers
NC-18535,6,7,8241.739,5,3,5,Loyal Customers
NC-18625,204,5,3643.484,2,2,4,At Risk
ND-18370,27,9,8652.278,4,5,5,Champions
ND-18460,183,6,2893.455,2,3,3,At Risk
NF-18385,79,7,24968.478,3,3,5,Loyal Customers
NF-18475,525,4,377.16200000000003,1,1,1,Lost Customers
NF-18595,114,7,2031.472,2,3,2,At Risk
NG-18355,48,5,1869.58,4,2,2,Potential Loyalists
NG-18430,48,5,1395.9379999999999,4,2,2,Potential Loyalists
NH-18610,189,7,2673.29,2,3,3,At Risk
NK-18490,70,7,572.048,3,3,1,Lost Customers
NL-18310,58,4,1418.0900000000001,3,1,2,Potential Loyalists
NM-18445,160,7,6459.344,2,3,5,At Risk
NM-18520,244,10,2161.979,1,5,2,At Risk
NP-18325,25,6,5529.62,5,3,5,Loyal Customers
NP-18670,58,5,3908.402,3,2,4,Potential Loyalists
NP-18685,406,6,1228.698,1,3,2,At Risk
NP-18700,138,7,7903.1825,2,3,5,At Risk
NR-18550,210,5,4734.554,2,2,4,At Risk
NS-18505,6,4,2575.863,5,1,3,Potential Loyalists
NS-18640,174,13,2964.823,2,5,3,At Risk
NW-18400,172,7,7234.014,2,3,5,At Risk
NZ-18565,85,9,7464.93,3,5,5,Loyal Customers
ON-18715,410,9,1567.52,1,5,2,At Risk
OT-18730,65,5,3818.624,3,2,4,Potential Loyalists
PA-19060,103,6,729.408,3,3,1,Lost Customers
PB-18805,25,3,740.356,5,1,1,Lost Customers
PB-19105,57,4,688.324,3,1,1,Lost Customers
PB-19150,97,8,1456.95,3,4,2,Lost Customers
PB-19210,688,2,132.738,1,1,1,Lost Customers
PC-18745,2,4,1832.064,5,1,2,Potential Loyalists
PC-19000,882,2,1061.488,1,1,1,Lost Customers
PF-19120,835,4,9062.864,1,1,5,At Risk
PF-19165,196,6,5540.0,2,3,5,At Risk
PF-19225,114,5,2206.1279999999997,2,2,3,At Risk
PG-18820,36,13,3086.907,4,5,3,Loyal Customers
PG-18895,57,9,3974.328,3,5,4,Loyal Customers
PH-18790,70,1,729.648,3,1,1,Lost Customers
PJ-18835,39,8,1220.09,4,4,2,Lost Customers
PJ-19015,134,7,1824.2340000000002,2,3,2,At Risk
PK-18910,483,2,1441.152,1,1,2,Lost Customers
PK-19075,9,12,8646.934,5,5,5,Champions
PL-18925,15,5,239.481,5,2,1,Lost Customers
PM-18940,386,3,4216.206,1,1,4,At Risk
PM-19135,51,4,4115.662,4,1,4,Potential Loyalists
PN-18775,30,8,1467.152,4,4,2,Lost Customers
PO-18850,4,11,7473.8282,5,5,5,Champions
PO-18865,0,7,2493.214,5,3,3,Loyal Customers
PO-19180,160,9,4893.043,2,5,4,At Risk
PO-19195,86,5,1056.858,3,2,1,Lost Customers
PP-18955,97,10,14505.216,3,5,5,Loyal Customers
PR-18880,36,5,1840.178,4,2,2,Potential Loyalists
PS-18760,107,6,2181.479,2,3,3,At Risk
PS-18970,69,8,1278.639,3,4,2,Lost Customers
PS-19045,236,7,6843.634,1,3,5,At Risk
PT-19090,71,4,160.572,3,1,1,Lost Customers
PV-18985,89,5,2876.046,3,2,3,Potential Loyalists
PW-19030,46,10,10364.748,4,5,5,Champions
PW-19240,464,7,7844.83,1,3,5,At Risk
QJ-19255,25,9,6108.338,5,5,5,Champions
RA-19285,5,9,2617.906,5,5,3,Loyal Customers
RA-19885,43,7,3832.314,4,3,4,Loyal Customers
RA-19915,12,9,4793.543,5,5,4,Champions
RA-19945,61,5,1686.9225,3,2,2,Potential Loyalists
RB-19330,68,2,1008.1959999999999,3,1,1,Lost Customers
RB-19360,96,6,45352.017,3,3,5,Loyal Customers
RB-19435,19,8,2663.0860000000002,5,4,3,Loyal Customers
RB-19465,9,12,4715.466,5,5,4,Champions
RB-19570,25,5,1585.638,5,2,2,Potential Loyalists
RB-19645,648,5,221.084,1,2,1,Lost Customers
RB-19705,54,4,2067.45,3,1,2,Potential Loyalists
RB-19795,32,8,5633.316000000001,4,4,5,Champions
RC-19825,369,6,966.409,1,3,1,At Risk
RC-19960,110,6,2657.256,2,3,3,At Risk
RD-19480,72,8,4272.93,3,4,4,Loyal Customers
RD-19585,180,10,5825.7880000000005,2,5,5,At Risk
RD-19660,114,5,2786.632,2,2,3,At Risk
RD-19720,21,10,1419.737,5,5,2,Lost Customers
RD-19810,14,8,1137.616,5,4,2,Lost Customers
RD-19900,114,9,3133.924,2,5,3,At Risk
RD-19930,42,4,970.9420000000001,4,1,1,Lost Customers
RE-19405,1097,1,96.72,1,1,1,Lost Customers
RE-19450,302,5,876.696,1,2,1,Lost Customers
RF-19345,390,8,6618.3,1,4,5,At Risk
RF-19735,89,7,2341.2960000000003,3,3,3,Loyal Customers
RF-19840,6,8,945.222,5,4,1,Lost Customers
RH-19495,32,5,7242.752,4,2,5,Potential Loyalists
RH-19510,467,6,6979.18,1,3,5,At Risk
RH-19555,519,2,740.382,1,1,1,Lost Customers
RH-19600,534,3,4171.4800000000005,1,1,4,At Risk
RK-19300,119,3,1460.192,2,1,2,Lost Customers
RL-19615,121,8,6234.91,2,4,5,At Risk
RM-19375,345,6,1453.474,1,3,2,At Risk
RM-19675,6,5,11958.192000000001,5,2,5,Potential Loyalists
RM-19750,299,1,98.35,1,1,1,Lost Customers
RO-19780,35,7,3815.478,4,3,4,Loyal Customers
RP-19270,496,4,954.6452,1,1,1,Lost Customers
RP-19390,33,12,5153.084,4,5,4,Champions
RP-19855,28,8,2170.716,4,4,3,Loyal Customers
RR-19315,19,2,615.932,5,1,1,Lost Customers
RR-19525,170,6,3302.2619999999997,2,3,3,At Risk
RS-19420,76,5,3221.29,3,2,3,Potential Loyalists
RS-19765,36,8,4159.7699999999995,4,4,4,Champions
RS-19870,19,2,66.98400000000001,5,1,1,Lost Customers
RW-19540,120,7,7397.401,2,3,5,At Risk
RW-19630,89,9,3279.746,3,5,3,Loyal Customers
RW-19690,79,5,6991.292,3,2,5,Potential Loyalists
SA-20830,63,10,4767.3415,3,5,4,Loyal Customers
SB-20170,201,3,1348.02,2,1,2,Lost Customers
SB-20185,188,6,19232.988,2,3,5,At Risk
SB-20290,47,7,8057.891,4,3,5,Loyal Customers
SC-20020,781,5,3362.9636,1,2,4,At Risk
SC-20050,40,9,4624.572,4,5,4,Champions
SC-20095,349,9,42427.002,1,5,5,At Risk
SC-20230,149,4,8743.916000000001,2,1,5,At Risk
SC-20260,187,8,3729.7929999999997,2,4,4,At Risk
SC-20305,29,7,3979.065,4,3,4,Loyal Customers
SC-20380,30,9,5992.536,4,5,5,Champions
SC-20440,36,7,3749.9959999999996,4,3,4,Loyal Customers
SC-20575,92,5,902.7280000000001,3,2,1,Lost Customers
SC-20680,126,6,3763.92,2,3,4,At Risk
SC-20695,89,10,2576.408,3,5,3,Loyal Customers
SC-20725,187,11,10452.42,2,5,5,At Risk
SC-20770,41,7,8985.314,4,3,5,Loyal Customers
SC-20800,30,4,279.25600000000003,4,1,1,Lost Customers
SC-20845,131,2,280.632,2,1,1,Lost Customers
SD-20485,200,9,6121.114,2,5,5,At Risk
SE-20110,9,11,12209.438000000002,5,5,5,Champions
SF-20065,59,7,763.5459999999999,3,3,1,Lost Customers
SF-20200,59,9,3422.7859999999996,3,5,4,Loyal Customers
SF-20965,48,9,3336.535,4,5,3,Loyal Customers
SG-20080,8,3,3406.5809999999997,5,1,4,Potential Loyalists
SG-20470,183,8,1884.798,2,4,2,At Risk
SG-20605,108,6,3124.832,2,3,3,At Risk
SG-20890,226,3,47.946,1,1,1,Lost Customers
SH-19975,29,13,3406.8395,4,5,4,Champions
SH-20395,23,10,4361.436,5,5,4,Champions
SH-20635,765,2,6289.176,1,1,5,At Risk
SJ-20125,95,12,3949.656,3,5,4,Loyal Customers
SJ-20215,29,6,1341.036,4,3,2,Potential Loyalists
SJ-20500,253,5,1318.776,1,2,2,Lost Customers
SK-19990,8,3,2650.227,5,1,3,Potential Loyalists
SL-20155,70,7,6106.024,3,3,5,Loyal Customers
SM-20005,421,4,244.49399999999997,1,1,1,Lost Customers
SM-20320,79,5,50086.1,3,2,5,Potential Loyalists
SM-20905,606,1,2086.082,1,1,2,Lost Customers
SM-20950,25,12,5563.392,5,5,5,Champions
SN-20560,111,6,1860.418,2,3,2,At Risk
SN-20710,79,7,3127.9592,3,3,3,Loyal Customers
SO-20335,29,6,2602.5755,4,3,3,Loyal Customers
SP-20545,327,6,1306.086,1,3,2,At Risk
SP-20620,47,9,5440.319,4,5,4,Champions
SP-20650,386,9,1872.4360000000001,1,5,2,At Risk
SP-20860,79,10,4282.94,3,5,4,Loyal Customers
SP-20920,70,6,3990.689,3,3,4,Loyal Customers
SR-20425,8,5,6466.962,5,2,5,Potential Loyalists
SR-20740,196,8,4345.8859999999995,2,4,4,At Risk
SS-20140,15,8,1324.028,5,4,2,Lost Customers
SS-20410,110,6,3056.8070000000002,2,3,3,At Risk
SS-20515,491,3,1226.8,1,1,2,Lost Customers
SS-20590,432,6,418.49,1,3,1,At Risk
SS-20875,120,5,964.636,2,2,1,Lost Customers
ST-20530,125,7,433.34000000000003,2,3,1,At Risk
SU-20665,20,7,7786.092000000001,5,3,5,Loyal Customers
SV-20365,101,10,22941.9,3,5,5,Loyal Customers
SV-20785,320,9,4105.305,1,5,4,At Risk
SV-20815,76,4,1271.0900000000001,3,1,2,Potential Loyalists
SV-20935,2,8,1903.491,5,4,2,Lost Customers
SW-20245,81,7,1085.078,3,3,2,Potential Loyalists
SW-20275,30,6,5899.95,4,3,5,Loyal Customers
SW-20350,162,3,1019.044,2,1,1,Lost Customers
SW-20455,162,7,2921.544,2,3,3,At Risk
SW-20755,534,2,758.6959999999999,1,1,1,Lost Customers
SZ-20035,35,11,3625.329,4,5,4,Champions
TA-21385,69,4,14595.62,3,1,5,Potential Loyalists
TB-21055,119,5,2935.762,2,2,3,At Risk
TB-21175,58,4,3589.296,3,1,4,Potential Loyalists
TB-21190,49,4,1632.3480000000002,4,1,2,Potential Loyalists
TB-21250,349,7,1602.376,1,3,2,At Risk
TB-21280,583,6,2198.45,1,3,3,At Risk
TB-21355,146,5,834.328,2,2,1,Lost Customers
TB-21400,202,7,9133.99,2,3,5,At Risk
TB-21520,107,9,4737.486,2,5,4,At Risk
TB-21595,285,5,4162.677000000001,1,2,4,At Risk
TB-21625,30,9,2797.668,4,5,3,Loyal Customers
TC-20980,399,5,19052.218,1,2,5,At Risk
TC-21145,106,1,3114.78,2,1,3,At Risk
TC-21295,27,8,4266.812,4,4,4,Champions
TC-21475,153,9,3734.928,2,5,4,At Risk
TC-21535,4,7,1485.116,5,3,2,Potential Loyalists
TD-20995,37,9,1434.5480000000002,4,5,2,Lost Customers
TG-21310,337,5,3058.372,1,2,3,At Risk
TG-21640,114,4,4149.322,2,1,4,At Risk
TH-21100,344,5,2422.824,1,2,3,At Risk
TH-21115,58,4,2942.772,3,1,3,Potential Loyalists
TH-21235,117,8,1022.201,2,4,1,At Risk
TH-21550,72,7,4234.0960000000005,3,3,4,Loyal Customers
TM-21010,103,8,2955.2259999999997,3,4,3,Loyal Customers
TM-21490,130,3,1094.6779999999999,2,1,2,Lost Customers
TN-21040,90,7,3130.221,3,3,3,Loyal Customers
TP-21130,8,9,4454.0560000000005,5,5,4,Champions
TP-21415,104,5,5329.0048,2,2,4,At Risk
TP-21565,350,4,3873.2799999999997,1,1,4,At Risk
TR-21325,193,5,675.9419999999999,2,2,1,Lost Customers
TS-21085,357,2,4.833,1,1,1,Lost Customers
TS-21160,504,6,2163.6240000000003,1,3,3,At Risk
TS-21205,198,7,5371.09,2,3,4,At Risk
TS-21340,226,5,974.7819999999999,1,2,1,Lost Customers
TS-21370,36,6,11891.751,4,3,5,Loyal Customers
TS-21430,172,5,2054.14,2,2,2,Lost Customers
TS-21505,11,6,8973.096,5,3,5,Loyal Customers
TS-21610,55,7,2820.424,3,3,3,Loyal Customers
TS-21655,238,5,3368.094,1,2,4,At Risk
TT-21070,31,7,4915.602,4,3,4,Loyal Customers
TT-21220,183,8,1427.0439999999999,2,4,2,At Risk
TT-21265,406,3,439.5,1,1,1,Lost Customers
TT-21460,12,7,10729.616,5,3,5,Loyal Customers
TW-21025,64,7,5278.826,3,3,4,Loyal Customers
TZ-21580,35,4,3414.572,4,1,4,Potential Loyalists
VB-21745,54,6,6016.788,3,3,5,Loyal Customers
VD-21670,581,6,25769.016,1,3,5,At Risk
VF-21715,13,5,2543.832,5,2,3,Potential Loyalists
VG-21790,154,6,846.01,2,3,1,At Risk
VG-21805,286,5,427.372,1,2,1,Lost Customers
VM-21685,54,7,2454.866,3,3,3,Loyal Customers
VM-21835,117,5,761.38,2,2,1,Lost Customers
VP-21730,30,3,993.9019999999999,4,1,1,Lost Customers
VP-21760,75,7,3360.526,3,3,4,Loyal Customers
VS-21820,221,4,1055.981,2,1,1,Lost Customers
VT-21700,1000,2,1736.596,1,1,2,Lost Customers
VW-21775,28,10,6134.0380000000005,4,5,5,Champions
WB-21850,20,11,6160.102,5,5,5,Champions
XP-21865,43,11,2374.658,4,5,3,Loyal Customers
YC-21895,4,5,5454.35,5,2,4,Potential Loyalists
YS-21880,9,8,20161.332,5,4,5,Champions
ZC-21910,54,13,16051.414,3,5,5,Loyal Customers
ZD-21925,202,5,1493.944,2,2,2,Lost Customers
